Type,Name,Request Count,Failure Count,Median Response Time,Average Response Time,Min Response Time,Max Response Time,Average Content Size,Requests/s,Failures/s,50%,66%,75%,80%,90%,95%,98%,99%,99.9%,99.99%,100%
POST,Keyword Search,277,0,160.0,320.40359070032684,36.60223999986556,2710.2725830000054,25355.057761732853,0.13198375566625406,0.0,160,360,520,600,750,960,1100,1600,2700,2700,2700
POST,Rerank,310,1,104000.0,111628.97778582259,11.305713999718137,403570.1107080004,2020.5096774193548,0.1477074521896706,0.0004764756522247439,105000,126000,173000,197000,251000,304000,342000,349000,404000,404000,404000
POST,Vector Search,906,1,4900.0,18392.917504818986,0.5330099993443582,175423.36234399956,25081.96688741722,0.431686940915618,0.0004764756522247439,4900,7400,9500,17000,63000,113000,145000,156000,175000,175000,175000
,Aggregated,1493,2,4900.0,34399.00747996981,0.5330099993443582,403570.1107080004,20344.253851306094,0.7113781487715426,0.0009529513044494878,4900,8200,29000,60000,122000,182000,252000,306000,380000,404000,404000
