Type,Name,Request Count,Failure Count,Median Response Time,Average Response Time,Min Response Time,Max Response Time,Average Content Size,Requests/s,Failures/s,50%,66%,75%,80%,90%,95%,98%,99%,99.9%,99.99%,100%
POST,Keyword Search,590,2,270.0,377.8367820694516,4.669941999964067,2093.355098999382,25323.022033898305,0.282459913865209,0.0009574912334413865,270,460,550,630,850,1100,1400,1600,2100,2100,2100
POST,Rerank,538,0,50000.0,63913.61988957991,4119.491303999894,264328.4436880003,2029.717472118959,0.257565141795733,0.0,51000,81000,95000,104000,136000,179000,200000,212000,264000,264000,264000
POST,Vector Search,1752,5,3700.0,7581.893758836188,4.328869999881135,148924.40285700012,25082.276255707762,0.8387623204946546,0.002393728083603466,3800,6400,7700,8700,12000,17000,64000,111000,147000,149000,149000
,Aggregated,2880,7,3600.0,16629.142037325022,4.328869999881135,264328.4436880003,20825.249652777777,1.3787873761555967,0.003351219317044853,3600,7400,10000,13000,59000,101000,139000,176000,235000,264000,264000
