Type,Name,Request Count,Failure Count,Median Response Time,Average Response Time,Min Response Time,Max Response Time,Average Content Size,Requests/s,Failures/s,50%,66%,75%,80%,90%,95%,98%,99%,99.9%,99.99%,100%
POST,Keyword Search,304,0,890.0,1000.4798177960556,55.21164799998246,3795.5939830000034,25350.598684210527,0.144940602564897,0.0,900,1200,1300,1400,1700,2000,2300,2800,3800,3800,3800
POST,Rerank,297,3,116000.0,123408.7302204007,28.274581000005128,209104.202688,2006.3265993265993,0.14160315447952107,0.001430334893732536,116000,160000,166000,169000,180000,184000,189000,200000,209000,209000,209000
POST,Vector Search,973,8,9300.0,12451.464175018496,2.6863110001613677,130161.18164900002,24906.68036998972,0.46390528386725255,0.003814226383286763,9300,15000,15000,16000,17000,18000,41000,109000,130000,130000,130000
,Aggregated,1574,11,8800.0,31176.50151357183,2.6863110001613677,209104.202688,20671.32210927573,0.7504490409116706,0.005244561277019299,8900,15000,17000,34000,115000,166000,179000,184000,205000,209000,209000
