Type,Name,Request Count,Failure Count,Median Response Time,Average Response Time,Min Response Time,Max Response Time,Average Content Size,Requests/s,Failures/s,50%,66%,75%,80%,90%,95%,98%,99%,99.9%,99.99%,100%
POST,Keyword Search,290,0,540.0,720.904407510321,49.72643000019161,2890.1389049997306,25311.527586206896,0.1941835239449175,0.0,550,890,1100,1200,1500,1800,1900,2300,2900,2900,2900
POST,Rerank,244,4,85000.0,100323.64748255331,4.590075000123761,179801.4065899997,2001.5983606557377,0.16338199945710302,0.002678393433723,85000,148000,153000,156000,163000,165000,176000,178000,180000,180000,180000
POST,Vector Search,823,3,6500.0,9587.364935907663,2.8617890002351487,112396.46160400024,25110.89793438639,0.5510794489885072,0.00200879507529225,6500,13000,14000,15000,16000,16000,23000,36000,112000,112000,112000
,Aggregated,1357,7,6400.0,24007.688729677953,2.8617890002351487,179801.4065899997,20998.52763448784,0.9086449723905278,0.00468718850901525,6400,14000,15000,16000,82000,152000,162000,165000,179000,180000,180000
