Type,Name,Request Count,Failure Count,Median Response Time,Average Response Time,Min Response Time,Max Response Time,Average Content Size,Requests/s,Failures/s,50%,66%,75%,80%,90%,95%,98%,99%,99.9%,99.99%,100%
POST,Keyword Search,321,1,160.0,284.5950030186771,5.899184998270357,1749.8078019998502,25277.473520249223,0.21458308034938017,0.0006684831163532093,160,300,420,490,690,850,930,1200,1700,1700,1700
POST,Rerank,350,1,38000.0,66653.00196213713,3.3581940006115474,309085.4427009999,2027.0514285714285,0.23396909072362326,0.0006684831163532093,38000,83000,98000,105000,156000,226000,275000,298000,309000,309000,309000
POST,Vector Search,965,6,2600.0,8467.468982118073,4.959088000759948,147217.79559399874,25012.378238341968,0.645086207280847,0.004010898698119256,2600,4900,6400,7100,12000,46000,98000,111000,147000,147000,147000
,Aggregated,1636,8,2700.0,19309.910299792762,3.3581940006115474,309085.4427009999,20146.993887530563,1.0936383783538504,0.005347864930825674,2700,6600,10000,17000,74000,105000,161000,236000,303000,309000,309000
